fecha,alimentos,petro_quim,resto,ng_original
2016-01-01,130.67616072746296,131.9474687210512,107.08331499611687,117.05119421077302
2016-02-01,129.2639730718447,128.15544941092375,111.91559137173304,118.90029357259574
2016-03-01,141.65062327052485,140.15746036168886,133.8218689818951,136.80623010580314
2016-04-01,135.53429109059624,138.69053866252045,128.71973842227348,132.0696490854989
2016-05-01,139.57321559211331,138.4415860592987,127.20453765934292,132.12673005161108
2016-06-01,134.04408137778398,130.20894166323242,119.71564759421855,124.9916505365282
2016-07-01,137.26341179592265,138.13354328938556,119.10995881685703,126.76147447449928
2016-08-01,151.47051550639057,136.9499564122919,125.41108427907278,133.7329827733621
2016-09-01,146.86194873690607,144.19153453749257,128.29172933931332,135.51789212141713
2016-10-01,144.68042812430696,142.30719194217207,126.0328240091487,133.34114128281072
2016-11-01,143.80846778552308,141.4028776038617,129.0362680219805,134.73703178156455
2016-12-01,139.17574439457098,129.7177767397043,116.16698465638646,124.08230099201045
2017-01-01,131.4241036662142,134.24925202857165,103.85317185744992,115.72788011075902
2017-02-01,118.79586523543726,121.17381702819114,102.15955031655093,109.4384011666354
2017-03-01,144.0918450547043,137.87216492566037,131.64348589427797,135.7397555654156
2017-04-01,131.4323263505788,137.51057169005745,122.23348376530116,127.06229310335894
2017-05-01,145.25789351245908,141.78025678472113,132.73730614825692,137.32629188497592
2017-06-01,139.32606914072568,139.91487107984358,130.94573693978646,134.50955603897785
2017-07-01,143.78390590856162,134.07588827516642,132.49720588816507,135.52441430007988
2017-08-01,153.1777591297517,136.23508322789786,140.7235599918064,143.01220222320006
2017-09-01,143.85892708402633,138.89222940643847,139.52006545506086,140.47537228449835
2017-10-01,146.48768862693058,144.51511454322755,140.9605202867462,142.91248117324935
2017-11-01,143.84183476565198,140.2815950619418,140.826257971234,141.4719289560601
2017-12-01,128.4862734655399,134.4051304381019,123.23353834621895,126.4041221015147
2018-01-01,132.35087943589363,136.5915091556206,110.92587562870116,120.49879049928444
2018-02-01,121.85990797217028,119.08811320754941,113.46968847815371,116.47032626071216
2018-03-01,142.84648197917423,136.718109441337,136.13293265335503,137.87384466026174
2018-04-01,136.4425932681144,132.10332700021237,130.2742693120577,132.09178628946967
2018-05-01,144.40567193473868,134.40583098105103,132.72440345517404,135.86546669164358
2018-06-01,132.20344344813157,125.04953701664773,119.81455258039549,123.7285406594831
2018-07-01,142.96544284912292,121.54172805620935,121.53931787294196,126.78055488105136
2018-08-01,150.16331743838091,125.612780710773,130.06612824193584,134.230175656126
2018-09-01,134.94465889897236,130.2519064330146,115.57598766999101,122.79085973979822
2018-10-01,148.66527856073984,134.847619794697,122.44301056703046,130.95087535592188
2018-11-01,134.35487702724652,131.631881748894,113.60038209186344,121.7206486951649
2018-12-01,125.32917208798432,120.59560386865095,96.55379266473732,107.65050820288415
2019-01-01,129.09821247871486,127.02177897418073,92.08963728697486,107.0384802956748
2019-02-01,121.42717088361483,115.10074213632718,98.09724666581492,106.67393616491124
2019-03-01,130.64714488314834,127.95073629237295,110.57560298078974,118.4180246331019
2019-04-01,134.42458181488936,128.18161454310516,112.26604796944676,120.37257298567556
2019-05-01,142.717594025304,132.5795143420146,117.9534045268479,126.4796126149704
2019-06-01,133.64666936246317,115.12783404612215,106.93542289665126,114.85187278421954
2019-07-01,149.35142869627148,118.04563001048349,116.1622824532741,124.5982566919682
2019-08-01,151.0965112904712,120.8175687355485,116.44105201824985,125.6565333781152
2019-09-01,136.2683798181795,116.79235440128284,108.45868256410421,116.66765831856677
2019-10-01,149.4223891940168,134.5599152164875,118.16465753875973,128.57781819763605
2019-11-01,132.22617897982343,128.8022560862256,106.31793624904502,116.4504456095095
2019-12-01,134.60980174100263,119.89046960487694,95.523614201656315,109.19722086584407
2020-01-01,135.14458755144926,128.99299164953163,88.878934133544,106.96676586826234
2020-02-01,128.5947259997465,119.33809430384778,92.68259948221524,105.96615315429496
2020-03-01,128.6580919307722,122.5863088470365,79.59165276942332,98.85080173419036
2020-04-01,133.769283706194,108.2384325469587,50.083479316510285,80.3695831755266
2020-05-01,135.78331991993463,113.89733695965425,69.82407099858904,93.39727057897797
2020-06-01,140.70120790119668,119.38903614643297,90.55087014956436,107.68552518388503
2020-07-01,148.4514457539955,128.7075170175695,99.56124430336425,116.4396784123465
2020-08-01,144.03787808419085,127.82634856785305,101.97733173921428,116.62865541586976
2020-09-01,145.26513332768457,126.89943573539439,109.15485189384047,120.98271248501304
2020-10-01,146.05757921304874,127.72740350290843,115.32065881332584,124.93316804669958
2020-11-01,138.4144496953882,127.64030929640016,112.9144366860948,121.63746716478752
2020-12-01,127.76929107064244,123.29038347788253,107.80903512425485,115.3045653308336
2021-01-01,137.57433212438934,125.33478105336361,97.11136374794113,111.77271865397567
2021-02-01,130.0444462580827,113.39906553012769,96.83455662481965,107.7537847323318
2021-03-01,150.5219234522121,136.94817436522118,122.25143603281533,131.64720668610988
2021-04-01,143.52364647290867,132.66029325260803,115.95962873545317,125.52085964453052
2021-05-01,141.01851678197335,133.52611624265208,110.21432155983274,121.68405865362826
2021-06-01,149.45064483240066,133.9499193206392,118.36344863277267,128.59837307531353
2021-07-01,152.33239169937622,137.83194300090804,120.2245679724385,131.05026656085312
2021-08-01,155.33312403939058,137.2865880867716,122.45198551609552,132.9987929128236
2021-09-01,152.8250100921924,136.1217050480884,123.50108451025945,132.80407745438578
2021-10-01,145.28261800593506,136.27476129819615,121.87577387743333,130.03163702788962
2021-11-01,148.90185302379865,142.5331692507094,124.64133049857384,133.5955966896043
2021-12-01,144.10732905845262,133.76933921330522,118.46858445628396,127.32258878895958
2022-01-01,131.5927788718501,133.2860594912232,95.06641385280571,110.45223892022884
2022-02-01,136.15568319316452,122.95426166119618,107.06985548677277,116.86553670599886
2022-03-01,154.01939252930475,141.14484656887018,127.11521694023808,136.06417977063688
2022-04-01,148.71692013407508,136.8367781745743,122.1213263937415,131.11057688323166
2022-05-01,154.17253864178863,141.90275910268798,126.64924176971431,135.95623391042966
2022-06-01,154.71737900027372,140.9408596327472,129.7426449731658,137.74172355073372
2022-07-01,156.9753880455758,141.61414756393754,128.76188214582604,137.83236809148204
2022-08-01,164.16538187316272,146.3291503119473,132.69720754600763,142.69539492532036
2022-09-01,157.7410882631877,139.95685346931984,129.0322464184159,137.89850280383965
2022-10-01,149.2889481777417,142.0324086100251,125.1801093251261,133.9217994277668
2022-11-01,149.99608199510072,142.8222394096933,125.04375462245189,134.14810212988814
2022-12-01,142.08303945319,129.44113034640873,113.79532707732287,123.35551311628166
2023-01-01,143.47461035691177,130.44834455464886,102.70376413208288,117.35959829400518
2023-02-01,127.80157710679764,121.03640829067824,107.89022600019176,114.97961805150167
2023-03-01,154.02563145537084,140.79965361161558,134.9491854791095,140.60284318567005
2023-04-01,146.8687508166144,137.97362877561284,126.38843988703195,133.35350382480027
2023-05-01,154.35545509435778,144.43013585101596,128.19960286971906,137.3370382911086
2023-06-01,148.3834741041942,141.01489918483057,126.44949165571913,134.27318455353014
2023-07-01,147.7268626828587,142.76052506514398,122.97933911392637,132.37164756745275
2023-08-01,152.76442365838804,139.20180866021528,132.1165423673102,138.3630070813502
2023-09-01,142.62967171336788,144.58544533854888,126.70754928143128,133.61988928272442
2023-10-01,146.38333467282965,137.69203044033426,126.08491655308002,133.0091904493393
2023-11-01,139.676079104633,136.4247242600042,119.98787741644249,127.5781512965671
2023-12-01,131.19780865002352,120.30862687496625,93.76874679209021,107.40382708053018
2024-01-01,134.77059243789012,117.75732603751666,85.4771689183372,102.98323083293734
2024-02-01,126.22335344205533,120.05980186709043,89.68751012763873,103.75102024796448
2024-03-01,132.17042653444412,133.88196570358926,94.67705971709096,110.46572537113644
2024-04-01,134.22216345515014,125.98268523835246,97.5109162738443,111.2965219356007
2024-05-01,144.15907123295645,135.14204377305313,99.97695782507624,116.71976927266223
2024-06-01,136.52758208314555,126.21582880393846,89.32688919950463,107.09903168407163
2024-07-01,157.02388118065377,139.60067980050877,107.58103084766283,125.0796687823528
2024-08-01,155.27783235818634,137.995021596767,114.99926489151088,128.73308622570693
2024-09-01,152.47502033643423,133.71211241583697,111.4400643697461,125.23673630937816
2024-10-01,157.19930076377534,137.58702463567678,117.0048518520074,130.31068482170923
2024-11-01,151.8418567340787,133.54319554909478,112.02320185682224,125.39541977505476
2024-12-01,142.4003649509738,129.13605126565255,102.44973869908073,116.72631144153108
2025-01-01,144.92034751849175,129.75262257633915,90.94542827233086,110.6983479184584
2025-02-01,140.3289772610975,116.24209147890662,95.53671052205237,109.9879672719398
2025-03-01,140.92066198420423,122.87437728920128,104.07881585605087,116.26302218891296
2025-04-01,145.19610714215136,127.36023014376711,109.94274752580174,121.5057903538734
2025-05-01,148.45290174222427,136.23355916501228,110.3429588843206,124.03498423474458
2025-06-01,142.35992160863836,131.31515906277562,103.12638286539024,117.48117186410737
2025-07-01,152.93478461233863,139.08072684620942,107.99280636958433,124.23325522421634
2025-08-01,152.01490409613362,138.41809737033242,107.01243949258125,123.32131738437457
2025-09-01,154.47700490423176,137.97268942438907,108.80494682176256,124.89984718005788
2025-10-01,155.38158932426856,137.75876525174328,111.57650338410835,126.71079320832833
2025-11-01,139.7333295615829,131.51459984078159,98.93820139550137,114.4155858024882
2025-12-01,143.6538301814007,130.87589979431056,93.41679538268961,112.02787091913596
2026-01-01,143.1868212393771,137.02976587281668,82.4410639207335,106.51404905038537
2026-02-01,129.87365653702864,122.95212351518498,81.42115030583892,100.28306160772554
2026-03-01,152.1945814078316,141.11697696245827,104.21168664374753,122.17791570884084
2026-04-01,142.09857229972965,145.0078408970988,101.18478907595727,118.5896315999007
2026-05-01,143.99038027206336,138.17939425435222,99.72010798131565,117.04054410652112
2026-06-01,151.1871079945564,143.43218257673092,100.01430905689318,119.86011272719423
